﻿<?xml version="1.0" encoding="utf-8"?>
<!DOCTYPE MgmtTree PUBLIC "-//OMA//DTD-DM-DDF 1.2//EN" "http://www.openmobilealliance.org/tech/DTD/DM_DDF-V1_2.dtd"[<?oma-dm-ddf-ver supported-versions="1.2"?>]>
<MgmtTree>
  <!--This file is created with DDFCreator, Ver: 0.93, Server Ver: 0.20               -->
  <!--Source specification: 24483-e90_MCData service configuration MO.doc             -->
  <!--Created: 2021-06-14 13:29:36 (yyyy-mm-dd hh:mm:ss UTC)                          -->
  <VerDTD>1.2</VerDTD>
  <Node>
    <NodeName />
    <!--Status: Required-->
    <DFProperties>
      <AccessType>
        <Get />
      </AccessType>
      <DFFormat>
        <node />
      </DFFormat>
      <Occurrence>
        <OneOrMore />
      </Occurrence>
      <DFTitle>This interior node acts as a placeholder for the MCData service configuration Management Object (MO).For the MCData service configuration MO, the namespace specific string is: "urn:oma:mo:oma-dm-mcdata-service configuration:1.0"</DFTitle>
      <DFType>
        <DDFName>urn:oma:mo:oma-dm-mcdata-service configuration:1.0</DDFName>
      </DFType>
    </DFProperties>
    <Node>
      <NodeName>Name</NodeName>
      <!--Status: Required-->
      <DFProperties>
        <AccessType>
          <Get />
        </AccessType>
        <DFFormat>
          <chr />
        </DFFormat>
        <Occurrence>
          <ZeroOrOne />
        </Occurrence>
        <DFTitle>The Name leaf is a name for the MCData service configuration settings.</DFTitle>
        <DFType>
          <MIME>text/plain</MIME>
        </DFType>
      </DFProperties>
    </Node>
    <Node>
      <NodeName>Ext</NodeName>
      <!--Status: Optional-->
      <DFProperties>
        <AccessType>
          <Get />
          <Replace />
        </AccessType>
        <DFFormat>
          <node />
        </DFFormat>
        <Occurrence>
          <ZeroOrOne />
        </Occurrence>
        <DFTitle>The Ext is an interior node for where the vendor specific information about the MCData service configuration MO is being placed.</DFTitle>
        <DFType>
          <DDFName>
          </DDFName>
        </DFType>
      </DFProperties>
    </Node>
    <Node>
      <NodeName>Common</NodeName>
      <!--Status: Required-->
      <DFProperties>
        <AccessType>
          <Get />
          <Replace />
        </AccessType>
        <DFFormat>
          <node />
        </DFFormat>
        <Occurrence>
          <ZeroOrOne />
        </Occurrence>
        <DFTitle>This interior node represents a container for the common network operation which means both on-network operation and off-network operation.</DFTitle>
        <DFType>
          <DDFName>
          </DDFName>
        </DFType>
      </DFProperties>
      <Node>
        <NodeName>TxRxControl</NodeName>
        <!--Status: Required-->
        <DFProperties>
          <AccessType>
            <Get />
            <Replace />
          </AccessType>
          <DFFormat>
            <node />
          </DFFormat>
          <Occurrence>
            <One />
          </Occurrence>
          <DFTitle>This interior node is a placeholder for transmission and reception control configuration.</DFTitle>
          <DFType>
            <DDFName>
            </DDFName>
          </DFType>
        </DFProperties>
        <Node>
          <NodeName>TimeTempDataWaiting</NodeName>
          <!--Status: Required-->
          <DFProperties>
            <AccessType>
              <Get />
              <Replace />
            </AccessType>
            <DFFormat>
              <int />
            </DFFormat>
            <Occurrence>
              <One />
            </Occurrence>
            <DFTitle>This leaf node indicates the time limit for the temporarily stored data that is waiting to be delivered to a receiving user.</DFTitle>
            <DFType>
              <MIME>text/plain</MIME>
            </DFType>
          </DFProperties>
        </Node>
        <Node>
          <NodeName>TimePeriodicAnnouncement</NodeName>
          <!--Status: Required-->
          <DFProperties>
            <AccessType>
              <Get />
              <Replace />
            </AccessType>
            <DFFormat>
              <int />
            </DFFormat>
            <Occurrence>
              <One />
            </Occurrence>
            <DFTitle>This leaf node indicates the timer for the periodic announcement which contains a list of available recently invited data group communications.</DFTitle>
            <DFType>
              <MIME>text/plain</MIME>
            </DFType>
          </DFProperties>
        </Node>
      </Node>
    </Node>
    <Node>
      <NodeName>OffNetwork</NodeName>
      <!--Status: Required-->
      <DFProperties>
        <AccessType>
          <Get />
          <Replace />
        </AccessType>
        <DFFormat>
          <node />
        </DFFormat>
        <Occurrence>
          <ZeroOrOne />
        </Occurrence>
        <DFTitle>This interior node represents a container for off-network operation.</DFTitle>
        <DFType>
          <DDFName>
          </DDFName>
        </DFType>
      </DFProperties>
      <Node>
        <NodeName>DefaultPPPP</NodeName>
        <!--Status: Required-->
        <DFProperties>
          <AccessType>
            <Get />
            <Replace />
          </AccessType>
          <DFFormat>
            <node />
          </DFFormat>
          <Occurrence>
            <One />
          </Occurrence>
          <DFTitle>This interior node is a placeholder for the default ProSe Per-Packet Priority (PPPP) configuration.</DFTitle>
          <DFType>
            <DDFName>
            </DDFName>
          </DFType>
        </DFProperties>
        <Node>
          <NodeName>MCDataOneToOneCallSignalling</NodeName>
          <!--Status: Required-->
          <DFProperties>
            <AccessType>
              <Get />
              <Replace />
            </AccessType>
            <DFFormat>
              <int />
            </DFFormat>
            <Occurrence>
              <One />
            </Occurrence>
            <DFTitle>This leaf node indicates the default ProSe Per-Packet Priority (PPPP) value (as specified in 3GPP TS 23.303 [6]) for the MCData one-to-one call signalling.</DFTitle>
            <DFType>
              <MIME>text/plain</MIME>
            </DFType>
          </DFProperties>
        </Node>
        <Node>
          <NodeName>MCDataOneToOneCallMedia</NodeName>
          <!--Status: Required-->
          <DFProperties>
            <AccessType>
              <Get />
              <Replace />
            </AccessType>
            <DFFormat>
              <int />
            </DFFormat>
            <Occurrence>
              <One />
            </Occurrence>
            <DFTitle>This leaf node indicates the default ProSe Per-Packet Priority (PPPP) value (as specified in 3GPP TS 23.303 [6]) for the MCData private call media.</DFTitle>
            <DFType>
              <MIME>text/plain</MIME>
            </DFType>
          </DFProperties>
        </Node>
      </Node>
    </Node>
	<Node>
      <NodeName>OnNetwork</NodeName>
      <!--Status: Required-->
      <DFProperties>
        <AccessType>
          <Get />
          <Replace />
        </AccessType>
        <DFFormat>
          <node />
        </DFFormat>
        <Occurrence>
          <ZeroOrOne />
        </Occurrence>
        <DFTitle>This interior node represents a container for on-network operation.</DFTitle>
        <DFType>
          <DDFName>
          </DDFName>
        </DFType>
      </DFProperties>
      <Node>
        <NodeName>NotificationServers</NodeName>
        <!--Status: Optional-->
        <DFProperties>
          <AccessType>
            <Get />
            <Replace />
          </AccessType>
          <DFFormat>
            <node />
          </DFFormat>
          <Occurrence>
            <One />
          </Occurrence>
          <DFTitle>This interior node is a placeholder for a list of hostnames of the Notification servers.</DFTitle>
          <DFType>
            <DDFName>
            </DDFName>
          </DFType>
        </DFProperties>
        <Node>
          <NodeName />
          <!--Status: Optional-->
          <DFProperties>
            <AccessType>
              <Get />
              <Replace />
            </AccessType>
            <DFFormat>
              <node />
            </DFFormat>
            <Occurrence>
              <OneOrMore />
            </Occurrence>
            <DFTitle>This interior node is a placeholder for one or more hostnames of the Notification servers.</DFTitle>
            <DFType>
              <DDFName>
              </DDFName>
            </DFType>
          </DFProperties>
        </Node>
        <Node>
          <NodeName>NotificationServer</NodeName>
          <!--Status: Required-->
          <DFProperties>
            <AccessType>
              <Get />
              <Replace />
            </AccessType>
            <DFFormat>
              <chr />
            </DFFormat>
            <Occurrence>
              <One />
            </Occurrence>
            <DFTitle>This leaf node indicates a hostname of the Notification server.</DFTitle>
            <DFType>
              <MIME>text/plain</MIME>
            </DFType>
          </DFProperties>
        </Node>
      </Node>
    </Node>	
  </Node>
</MgmtTree>